INSERT INTO Users (Username, ProfilePicture, Bio) VALUES
                                                      ('john_doe', 'jpeg', 'Bio for John Doe'),
                                                      ('jane_smith', 'jpg', 'Bio for Jane Smith'),
                                                      ('will_jones', 'jpeg', 'Bio for Will Jones'),
                                                      ('emily_davis', 'jpg', 'Bio for Emily Davis'),
                                                      ('chris_brown', 'jpeg', 'Bio for Chris Brown'),
                                                      ('lisa_white', 'jpg', 'Bio for Lisa White'),
                                                      ('michael_green', 'jpeg', 'Bio for Michael Green'),
                                                      ('sarah_black', 'jpg', 'Bio for Sarah Black'),
                                                      ('david_miller', 'jpeg', 'Bio for David Miller'),
                                                      ('nancy_wilson', 'jpg', 'Bio for Nancy Wilson'),
                                                      ('mark_taylor', 'jpeg', 'Bio for Mark Taylor'),
                                                      ('patricia_lee', 'jpg', 'Bio for Patricia Lee'),
                                                      ('steven_clark', 'jpeg', 'Bio for Steven Clark'),
                                                      ('laura_hall', 'jpg', 'Bio for Laura Hall'),
                                                      ('james_king', 'jpeg', 'Bio for James King'),
                                                      ('barbara_scott', 'jpg', 'Bio for Barbara Scott'),
                                                      ('robert_wood', 'jpeg', 'Bio for Robert Wood'),
                                                      ('jennifer_baker', 'jpg', 'Bio for Jennifer Baker'),
                                                      ('matthew_hill', 'jpeg', 'Bio for Matthew Hill'),
                                                      ('susan_adams', 'jpg', 'Bio for Susan Adams'),
                                                      ('daniel_evans', 'jpeg', 'Bio for Daniel Evans'),
                                                      ('michelle_collins', 'jpg', 'Bio for Michelle Collins'),
                                                      ('kevin_wright', 'jpeg', 'Bio for Kevin Wright'),
                                                      ('ashley_walker', 'jpg', 'Bio for Ashley Walker'),
                                                      ('jason_harris', 'jpeg', 'Bio for Jason Harris'),
                                                      ('betty_martin', 'jpg', 'Bio for Betty Martin'),
                                                      ('anthony_allen', 'jpeg', 'Bio for Anthony Allen'),
                                                      ('dorothy_young', 'jpg', 'Bio for Dorothy Young'),
                                                      ('brian_hernandez', 'jpeg', 'Bio for Brian Hernandez'),
                                                      ('sandra_lopez', 'jpg', 'Bio for Sandra Lopez'),
                                                      ('paul_gonzalez', 'jpeg', 'Bio for Paul Gonzalez'),
                                                      ('kimberly_moore', 'jpg', 'Bio for Kimberly Moore'),
                                                      ('george_wilson', 'jpeg', 'Bio for George Wilson'),
                                                      ('karen_anderson', 'jpg', 'Bio for Karen Anderson'),
                                                      ('eric_thomas', 'jpeg', 'Bio for Eric Thomas'),
                                                      ('nancy_martinez', 'jpg', 'Bio for Nancy Martinez'),
                                                      ('larry_robinson', 'jpeg', 'Bio for Larry Robinson'),
                                                      ('julie_clark', 'jpg', 'Bio for Julie Clark'),
                                                      ('gary_rodriguez', 'jpeg', 'Bio for Gary Rodriguez'),
                                                      ('deborah_lewis', 'jpg', 'Bio for Deborah Lewis'),
                                                      ('frank_lee', 'jpeg', 'Bio for Frank Lee'),
                                                      ('amy_walker', 'jpg', 'Bio for Amy Walker'),
                                                      ('joseph_hall', 'jpeg', 'Bio for Joseph Hall'),
                                                      ('shirley_scott', 'jpg', 'Bio for Shirley Scott'),
                                                      ('billy_wright', 'jpeg', 'Bio for Billy Wright'),
                                                      ('linda_perez', 'jpg', 'Bio for Linda Perez'),
                                                      ('ronald_moore', 'jpeg', 'Bio for Ronald Moore'),
                                                      ('karen_martinez', 'jpg', 'Bio for Karen Martinez'),
                                                      ('betty_jackson', 'jpeg', 'Bio for Betty Jackson');

INSERT INTO Posts (Username, Caption, MediaURL, PostDate) VALUES
                                                              ('john_doe', 'Post by John Doe', 'jpeg', '2024-05-25 10:00:00'),
                                                              ('john_doe', 'Another post by John Doe', 'jpg', '2024-05-26 11:00:00'),
                                                              ('jane_smith', 'Post by Jane Smith', 'jpeg', '2024-05-26 12:00:00'),
                                                              ('jane_smith', 'Another post by Jane Smith', 'jpg', '2024-05-27 09:00:00'),
                                                              ('will_jones', 'Post by Will Jones', 'jpeg', '2024-05-27 14:00:00'),
                                                              ('emily_davis', 'Post by Emily Davis', 'jpg', '2024-05-27 15:00:00'),
                                                              ('chris_brown', 'Post by Chris Brown', 'jpeg', '2024-05-28 10:00:00'),
                                                              ('lisa_white', 'Post by Lisa White', 'jpg', '2024-05-28 11:00:00'),
                                                              ('michael_green', 'Post by Michael Green', 'jpeg', '2024-05-28 12:00:00'),
                                                              ('sarah_black', 'Post by Sarah Black', 'jpg', '2024-05-28 13:00:00'),
                                                              ('david_miller', 'Post by David Miller', 'jpeg', '2024-05-29 14:00:00'),
                                                              ('nancy_wilson', 'Post by Nancy Wilson', 'jpg', '2024-05-29 15:00:00'),
                                                              ('mark_taylor', 'Post by Mark Taylor', 'jpeg', '2024-05-30 10:00:00'),
                                                              ('patricia_lee', 'Post by Patricia Lee', 'jpg', '2024-05-30 11:00:00'),
                                                              ('steven_clark', 'Post by Steven Clark', 'jpeg', '2024-05-31 12:00:00'),
                                                              ('laura_hall', 'Post by Laura Hall', 'jpg', '2024-05-31 13:00:00'),
                                                              ('james_king', 'Post by James King', 'jpeg', '2024-06-01 14:00:00'),
                                                              ('barbara_scott', 'Post by Barbara Scott', 'jpg', '2024-06-01 15:00:00'),
                                                              ('robert_wood', 'Post by Robert Wood', 'jpeg', '2024-06-02 10:00:00'),
                                                              ('jennifer_baker', 'Post by Jennifer Baker', 'jpg', '2024-06-02 11:00:00'),
                                                              ('matthew_hill', 'Post by Matthew Hill', 'jpeg', '2024-06-03 12:00:00'),
                                                              ('susan_adams', 'Post by Susan Adams', 'jpg', '2024-06-03 13:00:00'),
                                                              ('daniel_evans', 'Post by Daniel Evans', 'jpeg', '2024-06-04 14:00:00'),
                                                              ('michelle_collins', 'Post by Michelle Collins', 'jpg', '2024-06-04 15:00:00'),
                                                              ('kevin_wright', 'Post by Kevin Wright', 'jpeg', '2024-06-05 10:00:00'),
                                                              ('ashley_walker', 'Post by Ashley Walker', 'jpg', '2024-06-05 11:00:00'),
                                                              ('jason_harris', 'Post by Jason Harris', 'jpeg', '2024-06-06 12:00:00'),
                                                              ('betty_martin', 'Post by Betty Martin', 'jpg', '2024-06-06 13:00:00'),
                                                              ('anthony_allen', 'Post by Anthony Allen', 'jpeg', '2024-06-07 14:00:00'),
                                                              ('dorothy_young', 'Post by Dorothy Young', 'jpg', '2024-06-07 15:00:00'),
                                                              ('brian_hernandez', 'Post by Brian Hernandez', 'jpeg', '2024-06-08 10:00:00'),
                                                              ('sandra_lopez', 'Post by Sandra Lopez', 'jpg', '2024-06-08 11:00:00'),
                                                              ('paul_gonzalez', 'Post by Paul Gonzalez', 'jpeg', '2024-06-09 12:00:00'),
                                                              ('kimberly_moore', 'Post by Kimberly Moore', 'jpg', '2024-06-09 13:00:00'),
                                                              ('george_wilson', 'Post by George Wilson', 'jpeg', '2024-06-10 14:00:00'),
                                                              ('karen_anderson', 'Post by Karen Anderson', 'jpg', '2024-06-10 15:00:00'),
                                                              ('eric_thomas', 'Post by Eric Thomas', 'jpeg', '2024-06-11 10:00:00'),
                                                              ('nancy_martinez', 'Post by Nancy Martinez', 'jpg', '2024-06-11 11:00:00'),
                                                              ('larry_robinson', 'Post by Larry Robinson', 'jpeg', '2024-06-12 12:00:00'),
                                                              ('julie_clark', 'Post by Julie Clark', 'jpg', '2024-06-12 13:00:00'),
                                                              ('gary_rodriguez', 'Post by Gary Rodriguez', 'jpeg', '2024-06-13 14:00:00'),
                                                              ('deborah_lewis', 'Post by Deborah Lewis', 'jpg', '2024-06-13 15:00:00'),
                                                              ('frank_lee', 'Post by Frank Lee', 'jpeg', '2024-06-14 10:00:00'),
                                                              ('amy_walker', 'Post by Amy Walker', 'jpg', '2024-06-14 11:00:00'),
                                                              ('joseph_hall', 'Post by Joseph Hall', 'jpeg', '2024-06-15 12:00:00'),
                                                              ('shirley_scott', 'Post by Shirley Scott', 'jpg', '2024-06-15 13:00:00'),
                                                              ('billy_wright', 'Post by Billy Wright', 'jpeg', '2024-06-16 14:00:00'),
                                                              ('linda_perez', 'Post by Linda Perez', 'jpg', '2024-06-16 15:00:00'),
                                                              ('ronald_moore', 'Post by Ronald Moore', 'jpeg', '2024-06-17 10:00:00'),
                                                              ('karen_martinez', 'Post by Karen Martinez', 'jpg', '2024-06-17 11:00:00');

INSERT INTO Comments (PostID, Username, CommentText, CommentDate) VALUES
                                                                      (1, 'jane_smith', 'Great post, John!', '2024-05-25 12:00:00'),
                                                                      (2, 'will_jones', 'Nice photo!', '2024-05-26 13:00:00'),
                                                                      (3, 'emily_davis', 'Lovely!', '2024-05-26 14:00:00'),
                                                                      (4, 'chris_brown', 'Amazing!', '2024-05-27 10:00:00'),
                                                                      (5, 'lisa_white', 'Great shot!', '2024-05-27 16:00:00'),
                                                                      (6, 'michael_green', 'Beautiful!', '2024-05-28 10:30:00'),
                                                                      (7, 'sarah_black', 'Love this!', '2024-05-28 11:30:00'),
                                                                      (8, 'david_miller', 'Awesome!', '2024-05-28 12:30:00'),
                                                                      (9, 'nancy_wilson', 'Nice!', '2024-05-28 13:30:00'),
                                                                      (10, 'mark_taylor', 'Well done!', '2024-05-29 14:30:00'),
                                                                      (11, 'patricia_lee', 'Looks great!', '2024-05-29 15:30:00'),
                                                                      (12, 'steven_clark', 'Fantastic!', '2024-05-30 10:30:00'),
                                                                      (13, 'laura_hall', 'Superb!', '2024-05-30 11:30:00'),
                                                                      (14, 'james_king', 'Excellent!', '2024-05-31 12:30:00'),
                                                                      (15, 'barbara_scott', 'Good job!', '2024-05-31 13:30:00'),
                                                                      (16, 'robert_wood', 'Nice one!', '2024-06-01 14:30:00'),
                                                                      (17, 'jennifer_baker', 'Brilliant!', '2024-06-01 15:30:00'),
                                                                      (18, 'matthew_hill', 'Impressive!', '2024-06-02 10:30:00'),
                                                                      (19, 'susan_adams', 'Wonderful!', '2024-06-02 11:30:00'),
                                                                      (20, 'daniel_evans', 'Great work!', '2024-06-03 12:30:00');


INSERT INTO Credentials (Username, Password) VALUES
                                                 ('john_doe', 'argon2_hashed_password1'),
                                                 ('jane_smith', 'argon2_hashed_password2'),
                                                 ('will_jones', 'argon2_hashed_password3'),
                                                 ('emily_davis', 'argon2_hashed_password4'),
                                                 ('chris_brown', 'argon2_hashed_password5'),
                                                 ('lisa_white', 'argon2_hashed_password6'),
                                                 ('michael_green', 'argon2_hashed_password7'),
                                                 ('sarah_black', 'argon2_hashed_password8'),
                                                 ('david_miller', 'argon2_hashed_password9'),
                                                 ('nancy_wilson', 'argon2_hashed_password10'),
                                                 ('mark_taylor', 'argon2_hashed_password11'),
                                                 ('patricia_lee', 'argon2_hashed_password12'),
                                                 ('steven_clark', 'argon2_hashed_password13'),
                                                 ('laura_hall', 'argon2_hashed_password14'),
                                                 ('james_king', 'argon2_hashed_password15'),
                                                 ('barbara_scott', 'argon2_hashed_password16'),
                                                 ('robert_wood', 'argon2_hashed_password17'),
                                                 ('jennifer_baker', 'argon2_hashed_password18'),
                                                 ('matthew_hill', 'argon2_hashed_password19'),
                                                 ('susan_adams', 'argon2_hashed_password20'),
                                                 ('daniel_evans', 'argon2_hashed_password21'),
                                                 ('michelle_collins', 'argon2_hashed_password22'),
                                                 ('kevin_wright', 'argon2_hashed_password23'),
                                                 ('ashley_walker', 'argon2_hashed_password24'),
                                                 ('jason_harris', 'argon2_hashed_password25'),
                                                 ('betty_martin', 'argon2_hashed_password26'),
                                                 ('anthony_allen', 'argon2_hashed_password27'),
                                                 ('dorothy_young', 'argon2_hashed_password28'),
                                                 ('brian_hernandez', 'argon2_hashed_password29'),
                                                 ('sandra_lopez', 'argon2_hashed_password30'),
                                                 ('paul_gonzalez', 'argon2_hashed_password31'),
                                                 ('kimberly_moore', 'argon2_hashed_password32'),
                                                 ('george_wilson', 'argon2_hashed_password33'),
                                                 ('karen_anderson', 'argon2_hashed_password34'),
                                                 ('eric_thomas', 'argon2_hashed_password35'),
                                                 ('nancy_martinez', 'argon2_hashed_password36'),
                                                 ('larry_robinson', 'argon2_hashed_password37'),
                                                 ('julie_clark', 'argon2_hashed_password38'),
                                                 ('gary_rodriguez', 'argon2_hashed_password39'),
                                                 ('deborah_lewis', 'argon2_hashed_password40'),
                                                 ('frank_lee', 'argon2_hashed_password41'),
                                                 ('amy_walker', 'argon2_hashed_password42'),
                                                 ('joseph_hall', 'argon2_hashed_password43'),
                                                 ('shirley_scott', 'argon2_hashed_password44'),
                                                 ('billy_wright', 'argon2_hashed_password45'),
                                                 ('linda_perez', 'argon2_hashed_password46'),
                                                 ('ronald_moore', 'argon2_hashed_password47'),
                                                 ('karen_martinez', 'argon2_hashed_password48'),
                                                 ('betty_jackson', 'argon2_hashed_password49');


INSERT INTO Likes (PostID, Username, LikeDate) VALUES
                                                   (1, 'jane_smith', '2024-05-25 13:00:00'),
                                                   (1, 'will_jones', '2024-05-25 14:00:00'),
                                                   (1, 'emily_davis', '2024-05-25 15:00:00'),
                                                   (1, 'chris_brown', '2024-05-25 16:00:00'),
                                                   (1, 'lisa_white', '2024-05-25 17:00:00'),
                                                   (2, 'michael_green', '2024-05-26 10:00:00'),
                                                   (2, 'sarah_black', '2024-05-26 11:00:00'),
                                                   (2, 'david_miller', '2024-05-26 12:00:00'),
                                                   (3, 'nancy_wilson', '2024-05-26 13:00:00'),
                                                   (3, 'mark_taylor', '2024-05-26 14:00:00'),
                                                   (3, 'patricia_lee', '2024-05-26 15:00:00'),
                                                   (3, 'steven_clark', '2024-05-26 16:00:00'),
                                                   (4, 'laura_hall', '2024-05-27 10:00:00'),
                                                   (4, 'james_king', '2024-05-27 11:00:00'),
                                                   (4, 'barbara_scott', '2024-05-27 12:00:00'),
                                                   (4, 'robert_wood', '2024-05-27 13:00:00'),
                                                   (5, 'jennifer_baker', '2024-05-27 14:00:00'),
                                                   (5, 'matthew_hill', '2024-05-27 15:00:00'),
                                                   (5, 'susan_adams', '2024-05-27 16:00:00'),
                                                   (6, 'daniel_evans', '2024-05-28 10:00:00'),
                                                   (6, 'michelle_collins', '2024-05-28 11:00:00'),
                                                   (6, 'kevin_wright', '2024-05-28 12:00:00'),
                                                   (7, 'ashley_walker', '2024-05-28 13:00:00'),
                                                   (7, 'jason_harris', '2024-05-28 14:00:00'),
                                                   (7, 'betty_martin', '2024-05-28 15:00:00'),
                                                   (8, 'anthony_allen', '2024-05-28 16:00:00'),
                                                   (8, 'dorothy_young', '2024-05-28 17:00:00'),
                                                   (8, 'brian_hernandez', '2024-05-28 18:00:00'),
                                                   (9, 'sandra_lopez', '2024-05-29 10:00:00'),
                                                   (9, 'paul_gonzalez', '2024-05-29 11:00:00'),
                                                   (9, 'kimberly_moore', '2024-05-29 12:00:00'),
                                                   (10, 'george_wilson', '2024-05-29 13:00:00'),
                                                   (10, 'karen_anderson', '2024-05-29 14:00:00'),
                                                   (10, 'eric_thomas', '2024-05-29 15:00:00'),
                                                   (11, 'nancy_martinez', '2024-05-29 16:00:00'),
                                                   (11, 'larry_robinson', '2024-05-29 17:00:00'),
                                                   (11, 'julie_clark', '2024-05-30 10:00:00'),
                                                   (12, 'gary_rodriguez', '2024-05-30 11:00:00'),
                                                   (12, 'deborah_lewis', '2024-05-30 12:00:00'),
                                                   (13, 'frank_lee', '2024-05-30 13:00:00'),
                                                   (13, 'amy_walker', '2024-05-30 14:00:00'),
                                                   (13, 'joseph_hall', '2024-05-30 15:00:00'),
                                                   (14, 'shirley_scott', '2024-05-31 10:00:00'),
                                                   (14, 'billy_wright', '2024-05-31 11:00:00'),
                                                   (14, 'linda_perez', '2024-05-31 12:00:00'),
                                                   (15, 'ronald_moore', '2024-05-31 13:00:00'),
                                                   (15, 'karen_martinez', '2024-05-31 14:00:00'),
                                                   (15, 'betty_jackson', '2024-05-31 15:00:00');



INSERT INTO Follows (FollowerUsername, FollowedUsername, FollowDate) VALUES
                                                                         ('john_doe', 'jane_smith', '2024-05-25 10:00:00'),
                                                                         ('john_doe', 'will_jones', '2024-05-25 10:30:00'),
                                                                         ('john_doe', 'emily_davis', '2024-05-25 11:00:00'),
                                                                         ('jane_smith', 'john_doe', '2024-05-25 12:00:00'),
                                                                         ('will_jones', 'john_doe', '2024-05-26 12:00:00'),
                                                                         ('emily_davis', 'john_doe', '2024-05-26 13:00:00'),
                                                                         ('chris_brown', 'john_doe', '2024-05-27 14:00:00'),
                                                                         ('lisa_white', 'john_doe', '2024-05-27 15:00:00'),
                                                                         ('michael_green', 'john_doe', '2024-05-27 16:00:00'),
                                                                         ('sarah_black', 'john_doe', '2024-05-27 17:00:00'),
                                                                         ('david_miller', 'john_doe', '2024-05-28 10:00:00'),
                                                                         ('nancy_wilson', 'john_doe', '2024-05-28 11:00:00'),
                                                                         ('mark_taylor', 'john_doe', '2024-05-28 12:00:00'),
                                                                         ('patricia_lee', 'john_doe', '2024-05-28 13:00:00'),
                                                                         ('steven_clark', 'john_doe', '2024-05-28 14:00:00'),
                                                                         ('laura_hall', 'john_doe', '2024-05-28 15:00:00'),
                                                                         ('james_king', 'john_doe', '2024-05-28 16:00:00'),
                                                                         ('barbara_scott', 'john_doe', '2024-05-28 17:00:00'),
                                                                         ('robert_wood', 'john_doe', '2024-05-29 10:00:00'),
                                                                         ('jennifer_baker', 'john_doe', '2024-05-29 11:00:00'),
                                                                         ('matthew_hill', 'john_doe', '2024-05-29 12:00:00'),
                                                                         ('susan_adams', 'john_doe', '2024-05-29 13:00:00'),
                                                                         ('daniel_evans', 'john_doe', '2024-05-29 14:00:00'),
                                                                         ('michelle_collins', 'john_doe', '2024-05-29 15:00:00'),
                                                                         ('kevin_wright', 'john_doe', '2024-05-29 16:00:00'),
                                                                         ('ashley_walker', 'john_doe', '2024-05-29 17:00:00'),
                                                                         ('jason_harris', 'john_doe', '2024-05-30 10:00:00'),
                                                                         ('betty_martin', 'john_doe', '2024-05-30 11:00:00'),
                                                                         ('anthony_allen', 'john_doe', '2024-05-30 12:00:00'),
                                                                         ('dorothy_young', 'john_doe', '2024-05-30 13:00:00'),
                                                                         ('brian_hernandez', 'john_doe', '2024-05-30 14:00:00'),
                                                                         ('sandra_lopez', 'john_doe', '2024-05-30 15:00:00'),
                                                                         ('paul_gonzalez', 'john_doe', '2024-05-30 16:00:00'),
                                                                         ('kimberly_moore', 'john_doe', '2024-05-30 17:00:00'),
                                                                         ('george_wilson', 'john_doe', '2024-05-31 10:00:00'),
                                                                         ('karen_anderson', 'john_doe', '2024-05-31 11:00:00'),
                                                                         ('eric_thomas', 'john_doe', '2024-05-31 12:00:00'),
                                                                         ('nancy_martinez', 'john_doe', '2024-05-31 13:00:00'),
                                                                         ('larry_robinson', 'john_doe', '2024-05-31 14:00:00'),
                                                                         ('julie_clark', 'john_doe', '2024-05-31 15:00:00'),
                                                                         ('gary_rodriguez', 'john_doe', '2024-05-31 16:00:00'),
                                                                         ('deborah_lewis', 'john_doe', '2024-05-31 17:00:00'),
                                                                         ('frank_lee', 'john_doe', '2024-06-01 10:00:00'),
                                                                         ('amy_walker', 'john_doe', '2024-06-01 11:00:00'),
                                                                         ('joseph_hall', 'john_doe', '2024-06-01 12:00:00'),
                                                                         ('shirley_scott', 'john_doe', '2024-06-01 13:00:00');
